"DESCRIPTION","DURATION IN MS","NAME","PARENT SUITE","START TIME","STATUS","STOP TIME","SUB SUITE","SUITE","TEST CLASS","TEST METHOD"
"登录接口数据驱动用例,成功后提取token/user_id写入链路上下文","20","test_login[TC002]","testcases","2026-10-08","passed","2026-10-08","TestUserLogin","test_01_user","",""
"","2","test_env_var_used_when_set","unit_tests","2026-10-08","passed","2026-10-08","TestConfigManager","test_config_manager","",""
"","1","test_create_order_rejects_user_id_different_from_token","unit_tests","2026-10-08","passed","2026-10-08","","test_demo_app_security","",""
"","0","test_network_error_is_swallowed","unit_tests","2026-10-08","passed","2026-10-08","TestFeishuNotifier","test_feishu_notifier","",""
"","0","test_non_string_value_returned_unchanged","unit_tests","2026-10-08","passed","2026-10-08","TestRender","test_context_manager","",""
"","0","test_list_rendered_recursively","unit_tests","2026-10-08","passed","2026-10-08","TestRender","test_context_manager","",""
"","1","test_missing_case_id_raises","unit_tests","2026-10-08","passed","2026-10-08","TestDataManager","test_data_manager","",""
"","3","test_loads_all_cases","unit_tests","2026-10-08","passed","2026-10-08","TestDataManager","test_data_manager","",""
"","1","test_request_and_response_attachments_are_sanitized","unit_tests","2026-10-08","passed","2026-10-08","","test_test_case_base","",""
"支持${context.key}写法","0","test_context_prefix_supported","unit_tests","2026-10-08","passed","2026-10-08","TestRender","test_context_manager","",""
"","0","test_missing_file_raises","unit_tests","2026-10-08","passed","2026-10-08","TestDataManager","test_data_manager","",""
"","22","test_validate_compares_first_match","unit_tests","2026-10-08","passed","2026-10-08","TestJsonPathExtractor","test_jsonpath_extractor","",""
"","0","test_masks_custom_field_case_insensitively","unit_tests","2026-10-08","passed","2026-10-08","","test_sanitizer","",""
"","1","test_multiple_conditions_joined_with_and","unit_tests","2026-10-08","passed","2026-10-08","TestDatabaseHelper","test_db_helper","",""
"","3","test_env_var_default_used_when_missing","unit_tests","2026-10-08","passed","2026-10-08","TestConfigManager","test_config_manager","",""
"","11","test_extract_returns_all_matches","unit_tests","2026-10-08","passed","2026-10-08","TestJsonPathExtractor","test_jsonpath_extractor","",""
"","1","test_response_time_assertion_reports_limit","unit_tests","2026-10-08","passed","2026-10-08","","test_test_case_base","",""
"","0","test_close_is_idempotent","unit_tests","2026-10-08","passed","2026-10-08","TestDatabaseHelper","test_db_helper","",""
"","1","test_root_and_test_cases_types_are_validated","unit_tests","2026-10-08","passed","2026-10-08","TestDataManager","test_data_manager","",""
"","0","test_no_sign_without_secret","unit_tests","2026-10-08","passed","2026-10-08","TestFeishuNotifier","test_feishu_notifier","",""
"","3","test_unknown_env_raises","unit_tests","2026-10-08","passed","2026-10-08","TestConfigManager","test_config_manager","",""
"","0","test_fetch_one_rejects_empty_conditions","unit_tests","2026-10-08","passed","2026-10-08","TestDatabaseHelper","test_db_helper","",""
"","1","test_execute_update_rolls_back_on_error","unit_tests","2026-10-08","passed","2026-10-08","TestDatabaseHelper","test_db_helper","",""
"","0","test_sends_interactive_card_with_result","unit_tests","2026-10-08","passed","2026-10-08","TestFeishuNotifier","test_feishu_notifier","",""
"","0","test_missing_user_returns_business_error","unit_tests","2026-10-08","passed","2026-10-08","","test_demo_app_security","",""
"","1","test_ci_and_report_links_are_included","unit_tests","2026-10-08","passed","2026-10-08","TestFeishuNotifier","test_feishu_notifier","",""
"","11","test_no_match_returns_empty_list","unit_tests","2026-10-08","passed","2026-10-08","TestJsonPathExtractor","test_jsonpath_extractor","",""
"","0","test_validate_rejects_empty_expected_before_query","unit_tests","2026-10-08","passed","2026-10-08","TestDatabaseHelper","test_db_helper","",""
"","3","test_duplicate_case_ids_reported","unit_tests","2026-10-08","passed","2026-10-08","TestDataManager","test_data_manager","",""
"","3","test_filter_by_feature","unit_tests","2026-10-08","passed","2026-10-08","TestDataManager","test_data_manager","",""
"","4","test_cannot_read_another_user_profile","testcases","2026-10-08","passed","2026-10-08","TestAuthorization","test_04_security","",""
"整串占位符渲染后保留原始类型","0","test_full_placeholder_keeps_original_type","unit_tests","2026-10-08","passed","2026-10-08","TestRender","test_context_manager","",""
"","1","test_sign_added_when_secret_configured","unit_tests","2026-10-08","passed","2026-10-08","TestFeishuNotifier","test_feishu_notifier","",""
"","1","test_fetch_one_rejects_unsafe_table_names[]","unit_tests","2026-10-08","passed","2026-10-08","TestDatabaseHelper","test_db_helper","",""
"获取当前链路用户的信息","40","test_get_profile","testcases","2026-10-08","passed","2026-10-08","TestUserProfile","test_01_user","",""
"","0","test_get_missing_key_returns_default","unit_tests","2026-10-08","passed","2026-10-08","TestGetSet","test_context_manager","",""
"","3","test_filter_by_feature_and_story","unit_tests","2026-10-08","passed","2026-10-08","TestDataManager","test_data_manager","",""
"","6","test_cannot_create_order_for_another_user","testcases","2026-10-08","passed","2026-10-08","TestAuthorization","test_04_security","",""
"","0","test_execution_error_marks_result_failed","unit_tests","2026-10-08","passed","2026-10-08","TestFeishuNotifier","test_feishu_notifier","",""
"","0","test_recursively_masks_default_sensitive_fields_without_mutating_source","unit_tests","2026-10-08","passed","2026-10-08","","test_sanitizer","",""
"","0","test_reuses_live_connection_after_ping","unit_tests","2026-10-08","passed","2026-10-08","TestDatabaseHelper","test_db_helper","",""
"","0","test_atomic_stock_update_prevents_overselling","unit_tests","2026-10-08","passed","2026-10-08","","test_demo_app_security","",""
"","0","test_dict_rendered_recursively","unit_tests","2026-10-08","passed","2026-10-08","TestRender","test_context_manager","",""
"","2","test_current_env_recorded","unit_tests","2026-10-08","passed","2026-10-08","TestConfigManager","test_config_manager","",""
"","2","test_invalid_response_time_is_rejected","unit_tests","2026-10-08","passed","2026-10-08","TestDataManager","test_data_manager","",""
"","22","test_multiple_jsonpath_assertions_are_supported","unit_tests","2026-10-08","passed","2026-10-08","","test_test_case_base","",""
"","2","test_nested_config_is_deep_merged","unit_tests","2026-10-08","passed","2026-10-08","TestConfigManager","test_config_manager","",""
"","12","test_extracts_response_before_rendering_database_conditions","unit_tests","2026-10-08","passed","2026-10-08","","test_test_case_base","",""
"","1","test_execute_query_rolls_back_on_error","unit_tests","2026-10-08","passed","2026-10-08","TestDatabaseHelper","test_db_helper","",""
"","0","test_fetch_one_rejects_unsafe_table_names[orders; DROP TABLE users]","unit_tests","2026-10-08","passed","2026-10-08","TestDatabaseHelper","test_db_helper","",""
"","0","test_masks_sensitive_query_parameters_in_urls","unit_tests","2026-10-08","passed","2026-10-08","","test_sanitizer","",""
"商品库存查询:接口返回与MySQL落库数据一致性校验","20","test_product_stock[TC006]","testcases","2026-10-08","passed","2026-10-08","TestProduct","test_03_product","",""
"","0","test_fetch_one_rejects_unsafe_table_names[orders-name]","unit_tests","2026-10-08","passed","2026-10-08","TestDatabaseHelper","test_db_helper","",""
"查询订单列表:校验下单链路的落库结果","19","test_query_orders[TC005]","testcases","2026-10-08","passed","2026-10-08","TestOrder","test_02_order","",""
"嵌入字符串的占位符转为文本拼接","1","test_embedded_placeholder_converted_to_str","unit_tests","2026-10-08","passed","2026-10-08","TestRender","test_context_manager","",""
"","0","test_fetch_one_returns_none_when_no_result","unit_tests","2026-10-08","passed","2026-10-08","TestDatabaseHelper","test_db_helper","",""
"","0","test_fetch_one_rejects_unsafe_column_names","unit_tests","2026-10-08","passed","2026-10-08","TestDatabaseHelper","test_db_helper","",""
"登录接口数据驱动用例,成功后提取token/user_id写入链路上下文","7","test_login[TC003]","testcases","2026-10-08","passed","2026-10-08","TestUserLogin","test_01_user","",""
"","3","test_missing_var_without_default_resolves_to_empty","unit_tests","2026-10-08","passed","2026-10-08","TestConfigManager","test_config_manager","",""
"","12","test_extract_first_returns_default_when_no_match","unit_tests","2026-10-08","passed","2026-10-08","TestJsonPathExtractor","test_jsonpath_extractor","",""
"","1","test_tampered_token_is_rejected_before_database_access","unit_tests","2026-10-08","passed","2026-10-08","","test_demo_app_security","",""
"","1","test_get_user_rejects_access_to_another_user","unit_tests","2026-10-08","passed","2026-10-08","","test_demo_app_security","",""
"","0","test_missing_config_file_raises","unit_tests","2026-10-08","passed","2026-10-08","TestConfigManager","test_config_manager","",""
"","3","test_get_nested_key_returns_default_when_absent","unit_tests","2026-10-08","passed","2026-10-08","TestConfigManager","test_config_manager","",""
"","3","test_get_test_data_by_case_id","unit_tests","2026-10-08","passed","2026-10-08","TestDataManager","test_data_manager","",""
"","0","test_execute_update_commits","unit_tests","2026-10-08","passed","2026-10-08","TestDatabaseHelper","test_db_helper","",""
"","1","test_preserves_non_sensitive_values_and_tuple_shape","unit_tests","2026-10-08","passed","2026-10-08","","test_sanitizer","",""
"","1","test_order_is_written_for_authenticated_user","unit_tests","2026-10-08","passed","2026-10-08","","test_demo_app_security","",""
"未命中的占位符快速失败","0","test_missing_placeholder_raises","unit_tests","2026-10-08","passed","2026-10-08","TestRender","test_context_manager","",""
"","1","test_masks_jwt_and_bearer_values_embedded_in_text","unit_tests","2026-10-08","passed","2026-10-08","","test_sanitizer","",""
"","11","test_extract_first","unit_tests","2026-10-08","passed","2026-10-08","TestJsonPathExtractor","test_jsonpath_extractor","",""
"","11","test_invalid_expr_returns_empty_list","unit_tests","2026-10-08","passed","2026-10-08","TestJsonPathExtractor","test_jsonpath_extractor","",""
"","3","test_get_test_data_unknown_id_raises","unit_tests","2026-10-08","passed","2026-10-08","TestDataManager","test_data_manager","",""
"创建订单:请求体引用${context.user_id},创建后提取order_id","64","test_create_order[TC004]","testcases","2026-10-08","passed","2026-10-08","TestOrder","test_02_order","",""
"","3","test_filter_no_match_returns_empty","unit_tests","2026-10-08","passed","2026-10-08","TestDataManager","test_data_manager","",""
"登录接口数据驱动用例,成功后提取token/user_id写入链路上下文","61","test_login[TC001]","testcases","2026-10-08","passed","2026-10-08","TestUserLogin","test_01_user","",""
"","1","test_fetch_one_builds_sql_and_returns_row","unit_tests","2026-10-08","passed","2026-10-08","TestDatabaseHelper","test_db_helper","",""
"","2","test_reports_multiple_schema_errors_at_once","unit_tests","2026-10-08","passed","2026-10-08","TestDataManager","test_data_manager","",""
"","5","test_tampered_token_is_rejected","testcases","2026-10-08","passed","2026-10-08","TestAuthorization","test_04_security","",""
"","3","test_merges_common_and_env_sections","unit_tests","2026-10-08","passed","2026-10-08","TestConfigManager","test_config_manager","",""
"","0","test_clear_empties_context","unit_tests","2026-10-08","passed","2026-10-08","TestGetSet","test_context_manager","",""
"","3","test_environment_variables_inside_lists_are_resolved","unit_tests","2026-10-08","passed","2026-10-08","TestConfigManager","test_config_manager","",""
